"Reference","Value","Footprint","Alternate","DNP","Digikey_PN","MPN","Mouser_PN","Voltage","Qty"
"C1","100nF","Capacitor_SMD:C_0603_1608Metric",""," ","490-4779-1-ND","GCM188R71H104KA57D","","50V","1"
"C2","100nF","Capacitor_SMD:C_0603_1608Metric",""," ","490-4779-1-ND","GCM188R71H104KA57D","","50V","1"
"C3","100nF","Capacitor_SMD:C_0603_1608Metric",""," ","490-4779-1-ND","GCM188R71H104KA57D","","50V","1"
"C4","100nF","Capacitor_SMD:C_0603_1608Metric",""," ","490-4779-1-ND","GCM188R71H104KA57D","","50V","1"
"C5","100nF","Capacitor_SMD:C_0603_1608Metric",""," ","490-4779-1-ND","GCM188R71H104KA57D","","50V","1"
"C6","100nF","Capacitor_SMD:C_0603_1608Metric",""," ","490-4779-1-ND","GCM188R71H104KA57D","","50V","1"
"C7","100nF","Capacitor_SMD:C_0603_1608Metric",""," ","490-4779-1-ND","GCM188R71H104KA57D","","50V","1"
"C9","100nF","Capacitor_SMD:C_0603_1608Metric",""," ","490-4779-1-ND","GCM188R71H104KA57D","","50V","1"
"C10","18pF","Capacitor_SMD:C_0603_1608Metric",""," ","445-5631-1-ND","CGA3E2C0G1H180J080AA","","50V","1"
"C11","18pF","Capacitor_SMD:C_0603_1608Metric",""," ","445-5631-1-ND","CGA3E2C0G1H180J080AA","","50V","1"
"C14","100nF","Capacitor_SMD:C_0603_1608Metric","","","490-4779-1-ND","GCM188R71H104KA57D","","","1"
"C18","100nF","Capacitor_SMD:C_0603_1608Metric","","","490-4779-1-ND","GCM188R71H104KA57D","","","1"
"C19","100nF","Capacitor_SMD:C_0603_1608Metric","","","490-4779-1-ND","GCM188R71H104KA57D","","","1"
"C20","100nF","Capacitor_SMD:C_0603_1608Metric","","","490-4779-1-ND","GCM188R71H104KA57D","","","1"
"C21","18pF","Capacitor_SMD:C_0603_1608Metric","","","445-5631-1-ND","CGA3E2C0G1H180J080AA","","","1"
"C24","100nF","Capacitor_SMD:C_0603_1608Metric","","","490-4779-1-ND","GCM188R71H104KA57D","","","1"
"C25","10nF","Capacitor_SMD:C_0603_1608Metric","","","490-4781-1-ND","GCM188R72A103KA37D","","","1"
"C27","100nF","Capacitor_SMD:C_0603_1608Metric","","","490-4779-1-ND","GCM188R71H104KA57D","","","1"
"C28","1uF","Capacitor_SMD:C_0603_1608Metric","","","445-12539-1-ND","","","","1"
"C29","1uF","Capacitor_SMD:C_0603_1608Metric","","","445-12539-1-ND","","","","1"
"C30","100nF","Capacitor_SMD:C_0603_1608Metric","","","490-4779-1-ND","GCM188R71H104KA57D","","","1"
"C31","100nF","Capacitor_SMD:C_0603_1608Metric","","","490-4779-1-ND","GCM188R71H104KA57D","","","1"
"C32","100nF","Capacitor_SMD:C_0603_1608Metric","","","490-4779-1-ND","GCM188R71H104KA57D","","","1"
"C33","100nF","Capacitor_SMD:C_0603_1608Metric","","","490-4779-1-ND","GCM188R71H104KA57D","","","1"
"C34","100nF","Capacitor_SMD:C_0603_1608Metric","","","490-4779-1-ND","GCM188R71H104KA57D","","","1"
"C35","100nF","Capacitor_SMD:C_0603_1608Metric","","","490-4779-1-ND","GCM188R71H104KA57D","","","1"
"C36","100nF","Capacitor_SMD:C_0603_1608Metric","","","490-4779-1-ND","GCM188R71H104KA57D","","","1"
"C37","100nF","Capacitor_SMD:C_0603_1608Metric","","","490-4779-1-ND","GCM188R71H104KA57D","","","1"
"C38","100nF","Capacitor_SMD:C_0603_1608Metric","","","490-4779-1-ND","GCM188R71H104KA57D","","","1"
"C39","100nF","Capacitor_SMD:C_0603_1608Metric","","","490-4779-1-ND","GCM188R71H104KA57D","","","1"
"C40","100nF","Capacitor_SMD:C_0603_1608Metric","","","490-4779-1-ND","GCM188R71H104KA57D","","","1"
"C41","100nF","Capacitor_SMD:C_0603_1608Metric","","","490-4779-1-ND","GCM188R71H104KA57D","","","1"
"C42","100nF","Capacitor_SMD:C_0603_1608Metric","","","490-4779-1-ND","GCM188R71H104KA57D","","","1"
"C44","100nF","Capacitor_SMD:C_0603_1608Metric","","< ... >","490-4779-1-ND","GCM188R71H104KA57D","","","1"
"C45","1uF","Capacitor_SMD:C_0603_1608Metric","","","445-12539-1-ND","","","","1"
"C46","1uF","Capacitor_SMD:C_0603_1608Metric","","","445-12539-1-ND","","","","1"
"C47","100nF","Capacitor_SMD:C_0603_1608Metric","","< ... >","490-4779-1-ND","GCM188R71H104KA57D","","","1"
"C48","100nF","Capacitor_SMD:C_0603_1608Metric","","","490-4779-1-ND","GCM188R71H104KA57D","","","1"
"C49","100nF","Capacitor_SMD:C_0603_1608Metric","","","490-4779-1-ND","GCM188R71H104KA57D","","","1"
"C50","100nF","Capacitor_SMD:C_0603_1608Metric","","","490-4779-1-ND","GCM188R71H104KA57D","","","1"
"C51","100nF","Capacitor_SMD:C_0603_1608Metric","","","490-4779-1-ND","GCM188R71H104KA57D","","","1"
"C52","100nF","Capacitor_SMD:C_0603_1608Metric","","","490-4779-1-ND","GCM188R71H104KA57D","","","1"
"C53","100nF","Capacitor_SMD:C_0603_1608Metric","","","490-4779-1-ND","GCM188R71H104KA57D","","","1"
"C54","100nF","Capacitor_SMD:C_0603_1608Metric","","","490-4779-1-ND","GCM188R71H104KA57D","","","1"
"C55","100nF","Capacitor_SMD:C_0603_1608Metric","","","490-4779-1-ND","GCM188R71H104KA57D","","","1"
"C56","100nF","Capacitor_SMD:C_0603_1608Metric","","","490-4779-1-ND","GCM188R71H104KA57D","","","1"
"C57","100nF","Capacitor_SMD:C_0603_1608Metric","","","490-4779-1-ND","GCM188R71H104KA57D","","","1"
"C58","100nF","Capacitor_SMD:C_0603_1608Metric","","","490-4779-1-ND","GCM188R71H104KA57D","","","1"
"C59","100nF","Capacitor_SMD:C_0603_1608Metric","","","490-4779-1-ND","GCM188R71H104KA57D","","","1"
"C60","100nF","Capacitor_SMD:C_0603_1608Metric","","","490-4779-1-ND","GCM188R71H104KA57D","","","1"
"C61","10nF","Capacitor_SMD:C_0603_1608Metric","","","490-4781-1-ND","GCM188R72A103KA37D","","","1"
"C63","100nF","Capacitor_SMD:C_0603_1608Metric","","","490-4779-1-ND","GCM188R71H104KA57D","","","1"
"C64","100nF","Capacitor_SMD:C_0603_1608Metric",""," ","490-4779-1-ND","GCM188R71H104KA57D","","50V","1"
"C65","10nF","Capacitor_SMD:C_0603_1608Metric","","","490-4781-1-ND","GCM188R72A103KA37D","","","1"
"C67","18pF","Capacitor_SMD:C_0603_1608Metric","","","445-5631-1-ND","CGA3E2C0G1H180J080AA","","","1"
"C68","18pF","Capacitor_SMD:C_0603_1608Metric","","","445-5631-1-ND","CGA3E2C0G1H180J080AA","","","1"
"C69","18pF","Capacitor_SMD:C_0603_1608Metric","","","445-5631-1-ND","CGA3E2C0G1H180J080AA","","","1"
"C70","18pF","Capacitor_SMD:C_0603_1608Metric","","","445-5631-1-ND","CGA3E2C0G1H180J080AA","","","1"
"C71","10nF","Capacitor_SMD:C_0603_1608Metric","","","490-4781-1-ND","GCM188R72A103KA37D","","","1"
"C72","10nF","Capacitor_SMD:C_0603_1608Metric","","","490-4781-1-ND","GCM188R72A103KA37D","","","1"
"C73","10nF","Capacitor_SMD:C_0603_1608Metric","","","490-4781-1-ND","GCM188R72A103KA37D","","","1"
"C74","10nF","Capacitor_SMD:C_0603_1608Metric","","","490-4781-1-ND","GCM188R72A103KA37D","","","1"
"C75","10nF","Capacitor_SMD:C_0603_1608Metric","","","490-4781-1-ND","GCM188R72A103KA37D","","","1"
"C76","10nF","Capacitor_SMD:C_0603_1608Metric","","","490-4781-1-ND","GCM188R72A103KA37D","","","1"
"C77","10nF","Capacitor_SMD:C_0603_1608Metric","","","490-4781-1-ND","GCM188R72A103KA37D","","","1"
"C78","10nF","Capacitor_SMD:C_0603_1608Metric","","","490-4781-1-ND","GCM188R72A103KA37D","","","1"
"C79","10nF","Capacitor_SMD:C_0603_1608Metric","","","490-4781-1-ND","GCM188R72A103KA37D","","","1"
"C80","10nF","Capacitor_SMD:C_0603_1608Metric","","","490-4781-1-ND","GCM188R72A103KA37D","","","1"
"C81","10nF","Capacitor_SMD:C_0603_1608Metric","","","490-4781-1-ND","GCM188R72A103KA37D","","","1"
"C82","10nF","Capacitor_SMD:C_0603_1608Metric","","","490-4781-1-ND","GCM188R72A103KA37D","","","1"
"C83","10nF","Capacitor_SMD:C_0603_1608Metric","","","490-4781-1-ND","GCM188R72A103KA37D","","","1"
"C84","10nF","Capacitor_SMD:C_0603_1608Metric","","","490-4781-1-ND","GCM188R72A103KA37D","","","1"
"C85","10nF","Capacitor_SMD:C_0603_1608Metric","","","490-4781-1-ND","GCM188R72A103KA37D","","","1"
"C86","10nF","Capacitor_SMD:C_0603_1608Metric","","","490-4781-1-ND","GCM188R72A103KA37D","","","1"
"C87","10nF","Capacitor_SMD:C_0603_1608Metric","","","490-4781-1-ND","GCM188R72A103KA37D","","","1"
"C88","10nF","Capacitor_SMD:C_0603_1608Metric","","","490-4781-1-ND","GCM188R72A103KA37D","","","1"
"C89","10nF","Capacitor_SMD:C_0603_1608Metric","","","490-4781-1-ND","GCM188R72A103KA37D","","","1"
"C90","10nF","Capacitor_SMD:C_0603_1608Metric","","","490-4781-1-ND","GCM188R72A103KA37D","","","1"
"C91","10nF","Capacitor_SMD:C_0603_1608Metric","","","490-4781-1-ND","GCM188R72A103KA37D","","","1"
"C92","10nF","Capacitor_SMD:C_0603_1608Metric","","","490-4781-1-ND","GCM188R72A103KA37D","","","1"
"C93","10nF","Capacitor_SMD:C_0603_1608Metric","","","490-4781-1-ND","GCM188R72A103KA37D","","","1"
"C94","10nF","Capacitor_SMD:C_0603_1608Metric","","","490-4781-1-ND","GCM188R72A103KA37D","","","1"
"C95","10nF","Capacitor_SMD:C_0603_1608Metric","","","490-4781-1-ND","GCM188R72A103KA37D","","","1"
"C96","100nF","Capacitor_SMD:C_0603_1608Metric",""," ","490-4779-1-ND","GCM188R71H104KA57D","","50V","1"
"C97","100nF","Capacitor_SMD:C_0603_1608Metric","","","490-4779-1-ND","GCM188R71H104KA57D","","","1"
"C98","10nF","Capacitor_SMD:C_0603_1608Metric","","","490-4781-1-ND","GCM188R72A103KA37D","","","1"
"C99","100nF","Capacitor_SMD:C_0603_1608Metric","","< ... >","490-4779-1-ND","GCM188R71H104KA57D","","","1"
"C100","1uF","Capacitor_SMD:C_0603_1608Metric","","","445-12539-1-ND","","","","1"
"C101","100nF","Capacitor_SMD:C_0603_1608Metric","","< ... >","490-4779-1-ND","GCM188R71H104KA57D","","","1"
"C102","100nF","Capacitor_SMD:C_0603_1608Metric","","< ... >","490-4779-1-ND","GCM188R71H104KA57D","","","1"
"C103","100nF","Capacitor_SMD:C_0603_1608Metric","","","490-4779-1-ND","GCM188R71H104KA57D","","","1"
"C104","100nF","Capacitor_SMD:C_0603_1608Metric","","","490-4779-1-ND","GCM188R71H104KA57D","","","1"
"C106","10nF","Capacitor_SMD:C_0603_1608Metric","","","490-4781-1-ND","GCM188R72A103KA37D","","","1"
"C107","100nF","Capacitor_SMD:C_0603_1608Metric","","","490-4779-1-ND","GCM188R71H104KA57D","","","1"
"C108","100nF","Capacitor_SMD:C_0603_1608Metric","","","490-4779-1-ND","GCM188R71H104KA57D","","","1"
"C109","100nF","Capacitor_SMD:C_0603_1608Metric","","","490-4779-1-ND","GCM188R71H104KA57D","","","1"
"C110","1uF","Capacitor_SMD:C_0603_1608Metric","","","445-12539-1-ND","","","","1"
"C111","100nF","Capacitor_SMD:C_0603_1608Metric","","","490-4779-1-ND","GCM188R71H104KA57D","","","1"
"C112","100nF","Capacitor_SMD:C_0603_1608Metric","","","490-4779-1-ND","GCM188R71H104KA57D","","","1"
"C113","100nF","Capacitor_SMD:C_0603_1608Metric","","","490-4779-1-ND","GCM188R71H104KA57D","","","1"
"C114","100nF","Capacitor_SMD:C_0603_1608Metric","","","490-4779-1-ND","GCM188R71H104KA57D","","","1"
"C115","100nF","Capacitor_SMD:C_0603_1608Metric","","","490-4779-1-ND","GCM188R71H104KA57D","","","1"
"C116","100nF","Capacitor_SMD:C_0603_1608Metric","","","490-4779-1-ND","GCM188R71H104KA57D","","","1"
"C119","100nF","Capacitor_SMD:C_0603_1608Metric","","","490-4779-1-ND","GCM188R71H104KA57D","","","1"
"C120","10nF","Capacitor_SMD:C_0603_1608Metric","","","490-4781-1-ND","GCM188R72A103KA37D","","","1"
"C121","10nF","Capacitor_SMD:C_0603_1608Metric","","","490-4781-1-ND","GCM188R72A103KA37D","","","1"
"C123","100nF","Capacitor_SMD:C_0603_1608Metric","","< ... >","490-4779-1-ND","GCM188R71H104KA57D","","","1"
"C124","10nF","Capacitor_SMD:C_0603_1608Metric","","","490-4781-1-ND","GCM188R72A103KA37D","","","1"
"C125","10nF","Capacitor_SMD:C_0603_1608Metric","","","490-4781-1-ND","GCM188R72A103KA37D","","","1"
"C126","10nF","Capacitor_SMD:C_0603_1608Metric","","","490-4781-1-ND","GCM188R72A103KA37D","","","1"
"C127","10nF","Capacitor_SMD:C_0603_1608Metric","","","490-4781-1-ND","GCM188R72A103KA37D","","","1"
"C128","10nF","Capacitor_SMD:C_0603_1608Metric","","","490-4781-1-ND","GCM188R72A103KA37D","","","1"
"C129","1nF","Capacitor_SMD:C_0603_1608Metric","","","445-5659-1-ND","CGA3E2X7R1H102K080AA","","","1"
"C130","100nF","Capacitor_SMD:C_0603_1608Metric","","","490-4779-1-ND","GCM188R71H104KA57D","","","1"
"C131","10nF","Capacitor_SMD:C_0603_1608Metric","","","490-4781-1-ND","GCM188R72A103KA37D","","","1"
"C132","10nF","Capacitor_SMD:C_0603_1608Metric","","","490-4781-1-ND","GCM188R72A103KA37D","","","1"
"C134","1nF","Capacitor_SMD:C_0603_1608Metric","","","445-5659-1-ND","CGA3E2X7R1H102K080AA","","","1"
"C135","10nF","Capacitor_SMD:C_0603_1608Metric","","","490-4781-1-ND","GCM188R72A103KA37D","","","1"
"C136","100nF","Capacitor_SMD:C_0603_1608Metric","","","490-4779-1-ND","GCM188R71H104KA57D","","","1"
"C137","10nF","Capacitor_SMD:C_0603_1608Metric","","","490-4781-1-ND","GCM188R72A103KA37D","","","1"
"C138","100nF","Capacitor_SMD:C_0603_1608Metric","","< ... >","490-4779-1-ND","GCM188R71H104KA57D","","","1"
"C139","100nF","Capacitor_SMD:C_0603_1608Metric","","< ... >","490-4779-1-ND","GCM188R71H104KA57D","","","1"
"C140","100nF","Capacitor_SMD:C_0603_1608Metric","","< ... >","490-4779-1-ND","GCM188R71H104KA57D","","","1"
"C141","100nF","Capacitor_SMD:C_0603_1608Metric","","< ... >","490-4779-1-ND","GCM188R71H104KA57D","","","1"
"C142","100nF","Capacitor_SMD:C_0603_1608Metric","","< ... >","490-4779-1-ND","GCM188R71H104KA57D","","","1"
"C143","100nF","Capacitor_SMD:C_0603_1608Metric","","< ... >","490-4779-1-ND","GCM188R71H104KA57D","","","1"
"C144","1uF","Capacitor_SMD:C_0603_1608Metric","","","445-12539-1-ND","","","","1"
"C145","18pF","Capacitor_SMD:C_0603_1608Metric","","","445-5631-1-ND","CGA3E2C0G1H180J080AA","","","1"
"C146","100nF","Capacitor_SMD:C_0603_1608Metric","","","490-4779-1-ND","GCM188R71H104KA57D","","","1"
"C147","100nF","Capacitor_SMD:C_0603_1608Metric","","","490-4779-1-ND","GCM188R71H104KA57D","","","1"
"C148","100nF","Capacitor_SMD:C_0603_1608Metric","","","490-4779-1-ND","GCM188R71H104KA57D","","","1"
"C149","100nF","Capacitor_SMD:C_0603_1608Metric","","","490-4779-1-ND","GCM188R71H104KA57D","","","1"
"C150","100nF","Capacitor_SMD:C_0603_1608Metric","","","490-4779-1-ND","GCM188R71H104KA57D","","","1"
"C151","100nF","Capacitor_SMD:C_0603_1608Metric","","","490-4779-1-ND","GCM188R71H104KA57D","","","1"
"C152","100nF","Capacitor_SMD:C_0603_1608Metric","","","490-4779-1-ND","GCM188R71H104KA57D","","","1"
"C153","100nF","Capacitor_SMD:C_0603_1608Metric","","","490-4779-1-ND","GCM188R71H104KA57D","","","1"
"C154","100nF","Capacitor_SMD:C_0603_1608Metric","","","490-4779-1-ND","GCM188R71H104KA57D","","","1"
"C155","100nF","Capacitor_SMD:C_0603_1608Metric","","","490-4779-1-ND","GCM188R71H104KA57D","","","1"
"C156","100nF","Capacitor_SMD:C_0603_1608Metric","","","490-4779-1-ND","GCM188R71H104KA57D","","","1"
"C157","100nF","Capacitor_SMD:C_0603_1608Metric","","","490-4779-1-ND","GCM188R71H104KA57D","","","1"
"C158","100nF","Capacitor_SMD:C_0603_1608Metric","","","490-4779-1-ND","GCM188R71H104KA57D","","","1"
"C159","100nF","Capacitor_SMD:C_0603_1608Metric","","","490-4779-1-ND","GCM188R71H104KA57D","","","1"
"C160","100nF","Capacitor_SMD:C_0603_1608Metric","","","490-4779-1-ND","GCM188R71H104KA57D","","","1"
"C161","100nF","Capacitor_SMD:C_0603_1608Metric","","","490-4779-1-ND","GCM188R71H104KA57D","","","1"
"C162","100nF","Capacitor_SMD:C_0603_1608Metric","","","490-4779-1-ND","GCM188R71H104KA57D","","","1"
"C163","100nF","Capacitor_SMD:C_0603_1608Metric","","","490-4779-1-ND","GCM188R71H104KA57D","","","1"
"C164","100nF","Capacitor_SMD:C_0603_1608Metric","","","490-4779-1-ND","GCM188R71H104KA57D","","","1"
"C165","100nF","Capacitor_SMD:C_0603_1608Metric","","","490-4779-1-ND","GCM188R71H104KA57D","","","1"
"C166","100nF","Capacitor_SMD:C_0603_1608Metric","","","490-4779-1-ND","GCM188R71H104KA57D","","","1"
"C167","100nF","Capacitor_SMD:C_0603_1608Metric","","","490-4779-1-ND","GCM188R71H104KA57D","","","1"
"C168","100nF","Capacitor_SMD:C_0603_1608Metric","","","490-4779-1-ND","GCM188R71H104KA57D","","","1"
"C169","100nF","Capacitor_SMD:C_0603_1608Metric","","","490-4779-1-ND","GCM188R71H104KA57D","","","1"
"C170","100nF","Capacitor_SMD:C_0603_1608Metric","","","490-4779-1-ND","GCM188R71H104KA57D","","","1"
"C171","100nF","Capacitor_SMD:C_0603_1608Metric","","","490-4779-1-ND","GCM188R71H104KA57D","","","1"
"C172","10nF","Capacitor_SMD:C_0603_1608Metric","","","490-4781-1-ND","GCM188R72A103KA37D","","","1"
"C173","10nF","Capacitor_SMD:C_0603_1608Metric","","","490-4781-1-ND","GCM188R72A103KA37D","","","1"
"C174","10nF","Capacitor_SMD:C_0603_1608Metric","","","490-4781-1-ND","GCM188R72A103KA37D","","","1"
"C175","10nF","Capacitor_SMD:C_0603_1608Metric","","","490-4781-1-ND","GCM188R72A103KA37D","","","1"
"C176","10nF","Capacitor_SMD:C_0603_1608Metric","","","490-4781-1-ND","GCM188R72A103KA37D","","","1"
"C178","10nF","Capacitor_SMD:C_0603_1608Metric","","","490-4781-1-ND","GCM188R72A103KA37D","","","1"
"C8","10uF","Capacitor_SMD:C_1206_3216Metric",""," ","1276-6797-1-ND","CL31B106KOHVPNE","","50V","1"
"C12","100nF","Capacitor_SMD:C_1206_3216Metric","","","445-5851-1-ND","CGA5L3X7R2E104K160AA","","","1"
"C13","100nF","Capacitor_SMD:C_1206_3216Metric","","","445-5851-1-ND","CGA5L3X7R2E104K160AA","","","1"
"C15","100nF","Capacitor_SMD:C_1206_3216Metric","","","445-5851-1-ND","CGA5L3X7R2E104K160AA","","","1"
"C16","100nF","Capacitor_SMD:C_1206_3216Metric","","","445-5851-1-ND","CGA5L3X7R2E104K160AA","","","1"
"C17","100nF","Capacitor_SMD:C_1206_3216Metric","","","445-5851-1-ND","CGA5L3X7R2E104K160AA","","","1"
"C22","10uF","Capacitor_SMD:C_1206_3216Metric","","","1276-6797-1-ND","CL31B106KOHVPNE","","","1"
"C23","10uF","Capacitor_SMD:C_1206_3216Metric","","","1276-6797-1-ND","CL31B106KOHVPNE","","","1"
"C26","100nF","Capacitor_SMD:C_1206_3216Metric","","","445-5851-1-ND","CGA5L3X7R2E104K160AA","","","1"
"C43","100nF","Capacitor_SMD:C_1206_3216Metric","","","445-5851-1-ND","CGA5L3X7R2E104K160AA","","","1"
"C62","4u7","Capacitor_SMD:C_1206_3216Metric","","","445-172481-1-ND","CGA5L3X7R1H475K160AE","","","1"
"C66","4u7","Capacitor_SMD:C_1206_3216Metric","","","445-172481-1-ND","CGA5L3X7R1H475K160AE","","","1"
"C105","10uF","Capacitor_SMD:C_1206_3216Metric","","","1276-6797-1-ND","CL31B106KOHVPNE","","","1"
"C177","4u7","Capacitor_SMD:C_1206_3216Metric","","","445-172481-1-ND","CGA5L3X7R1H475K160AE","","","1"
"C118","1u","Capacitor_SMD:C_2220_5650Metric","","","445-4532-1-ND","","","","1"
"C122","1u","Capacitor_SMD:C_2220_5650Metric","","","445-4532-1-ND","","","","1"
"C133","47u","Capacitor_SMD:CP_Elec_6.3x5.9","","","1189-16SLV47M6.3X6.1CT-ND","","","","1"
"C117","22u","Capacitor_THT:CP_Radial_D10.0mm_P5.00mm","","","493-14364-ND","","","","1"
"J12","Conn_01x02","Connector_JST:JST_XH_B2B-XH-A_1x02_P2.50mm_Vertical","","","","","","","1"
"J15","Conn_01x02","Connector_JST:JST_XH_B2B-XH-A_1x02_P2.50mm_Vertical","","","","","","","1"
"J16","Conn_01x02","Connector_JST:JST_XH_B2B-XH-A_1x02_P2.50mm_Vertical","","","","","","","1"
"J20","Conn_01x02","Connector_JST:JST_XH_B2B-XH-A_1x02_P2.50mm_Vertical","","","","","","","1"
"J21","Conn_01x04","Connector_JST:JST_XH_B3B-XH-A_1x03_P2.50mm_Vertical","","","","","","","1"
"J9","Conn_01x04","Connector_JST:JST_XH_B4B-XH-A_1x04_P2.50mm_Vertical","","","","","","","1"
"J11","Conn_01x04","Connector_JST:JST_XH_B4B-XH-A_1x04_P2.50mm_Vertical","","","","","","","1"
"J2","Conn_01x06","Connector_JST:JST_XH_B6B-XH-A_1x06_P2.50mm_Vertical","","","","","","","1"
"J3","Conn_01x06","Connector_JST:JST_XH_B6B-XH-A_1x06_P2.50mm_Vertical","","","","","","","1"
"J4","Conn_01x06","Connector_JST:JST_XH_B6B-XH-A_1x06_P2.50mm_Vertical","","","","","","","1"
"J13","Conn_01x06","Connector_JST:JST_XH_B6B-XH-A_1x06_P2.50mm_Vertical",""," ","","","","","1"
"J1","Conn_01x07","Connector_JST:JST_XH_B7B-XH-A_1x07_P2.50mm_Vertical","","","","","","","1"
"J5","Conn_02x06_Odd_Even","Connector_PinHeader_2.54mm:PinHeader_2x06_P2.54mm_Vertical","","","","","","","1"
"J6","Conn_02x06_Odd_Even","Connector_PinHeader_2.54mm:PinHeader_2x06_P2.54mm_Vertical","","","","","","","1"
"J7","Conn_02x06_Odd_Even","Connector_PinHeader_2.54mm:PinHeader_2x06_P2.54mm_Vertical","","","","","","","1"
"J8","Conn_02x06_Odd_Even","Connector_PinHeader_2.54mm:PinHeader_2x06_P2.54mm_Vertical","","","","","","","1"
"J14","USB_B_Micro","Connector_USB:USB_Micro-B_Molex-105017-0001",""," ","","","","","1"
"Y1","8MHz","Crystal:Crystal_SMD_5032-2Pin_5.0x3.2mm",""," ","XC3144CT-ND","NX5032GA-8.000M-STD-CSU-1","","","1"
"D6","D_LED","Diode_SMD:D_0603_1608Metric","","","160-1447-1-ND","LTST-C191KRKT","","","1"
"D45","D_LED","Diode_SMD:D_0603_1608Metric","","","160-1447-1-ND","LTST-C191KRKT","","","1"
"D84","D_LED","Diode_SMD:D_0603_1608Metric","","","160-1447-1-ND","LTST-C191KRKT","","","1"
"D4","D_Schottky","Diode_SMD:D_SMA","","","497-7545-1-ND","STPS1150A","","","1"
"D5","D_TVS","Diode_SMD:D_SMA","","","SMAJ60A-FDICT-ND","","","","1"
"D11","D_Schottky","Diode_SMD:D_SMA","","","497-7545-1-ND","STPS1150A","","","1"
"D13","D_Schottky","Diode_SMD:D_SMA","","","497-7545-1-ND","STPS1150A","","","1"
"D26","D_TVS","Diode_SMD:D_SMA","","","SMAJ60A-FDICT-ND","","","","1"
"D38","D_Schottky","Diode_SMD:D_SMA","","","497-7545-1-ND","STPS1150A","","","1"
"D40","D_Schottky","Diode_SMD:D_SMA","","","497-7545-1-ND","STPS1150A","","","1"
"D41","D_Schottky","Diode_SMD:D_SMA","","","497-7545-1-ND","STPS1150A","","","1"
"D83","D_Schottky","Diode_SMD:D_SMA","","","497-7545-1-ND","STPS1150A","","","1"
"D8","D_TVS","Diode_SMD:D_SMB","","","SMBJ120A-FDICT-ND","","","","1"
"D22","D_TVS","Diode_SMD:D_SMB","","","SMBJ120A-FDICT-ND","","","","1"
"D23","D_TVS","Diode_SMD:D_SMB","","","SMBJ120A-FDICT-ND","","","","1"
"D25","D_TVS","Diode_SMD:D_SMB","","","SMBJ120A-FDICT-ND","","","","1"
"D1","D_Schottky","Diode_SMD:D_SOD-123F","","","S215FACT-ND","RS1GFA","","","1"
"D2","D_Schottky","Diode_SMD:D_SOD-123F","","","S215FACT-ND","RS1GFA","","","1"
"D3","D_Schottky","Diode_SMD:D_SOD-123F","","","S215FACT-ND","RS1GFA","","","1"
"D14","D_Schottky","Diode_SMD:D_SOD-123F","","","S215FACT-ND","RS1GFA","","","1"
"D16","D_Schottky","Diode_SMD:D_SOD-123F","","","S215FACT-ND","RS1GFA","","","1"
"D19","D_Schottky","Diode_SMD:D_SOD-123F","","","S215FACT-ND","RS1GFA","","","1"
"D31","D_Schottky","Diode_SMD:D_SOD-123F","","","S215FACT-ND","RS1GFA","","","1"
"D35","D_Schottky","Diode_SMD:D_SOD-123F","","","S215FACT-ND","RS1GFA","","","1"
"D37","D_Schottky","Diode_SMD:D_SOD-123F","","","S215FACT-ND","RS1GFA","","","1"
"D7","12V","Diode_SMD:D_SOD-323F","","","MM3Z12VCCT-ND","MM3Z12VC","","","1"
"D9","12V","Diode_SMD:D_SOD-323F","","","MM3Z12VCCT-ND","MM3Z12VC","","","1"
"D10","12V","Diode_SMD:D_SOD-323F","","","MM3Z12VCCT-ND","MM3Z12VC","","","1"
"D12","12V","Diode_SMD:D_SOD-323F","","","MM3Z12VCCT-ND","MM3Z12VC","","","1"
"D15","12V","Diode_SMD:D_SOD-323F","","","MM3Z12VCCT-ND","MM3Z12VC","","","1"
"D17","12V","Diode_SMD:D_SOD-323F","","","MM3Z12VCCT-ND","MM3Z12VC","","","1"
"D18","12V","Diode_SMD:D_SOD-323F","","","MM3Z12VCCT-ND","MM3Z12VC","","","1"
"D21","12V","Diode_SMD:D_SOD-323F","","","MM3Z12VCCT-ND","MM3Z12VC","","","1"
"D24","12V","Diode_SMD:D_SOD-323F","","","MM3Z12VCCT-ND","MM3Z12VC","","","1"
"D27","12V","Diode_SMD:D_SOD-323F","","","MM3Z12VCCT-ND","MM3Z12VC","","","1"
"D30","12V","Diode_SMD:D_SOD-323F","","","MM3Z12VCCT-ND","MM3Z12VC","","","1"
"D33","12V","Diode_SMD:D_SOD-323F","","","MM3Z12VCCT-ND","MM3Z12VC","","","1"
"D36","12V","Diode_SMD:D_SOD-323F","","","MM3Z12VCCT-ND","MM3Z12VC","","","1"
"D39","12V","Diode_SMD:D_SOD-323F","","","MM3Z12VCCT-ND","MM3Z12VC","","","1"
"D42","12V","Diode_SMD:D_SOD-323F","","","MM3Z12VCCT-ND","MM3Z12VC","","","1"
"D46","12V","Diode_SMD:D_SOD-323F","","","MM3Z12VCCT-ND","MM3Z12VC","","","1"
"D48","12V","Diode_SMD:D_SOD-323F","","","MM3Z12VCCT-ND","MM3Z12VC","","","1"
"D51","12V","Diode_SMD:D_SOD-323F","","","MM3Z12VCCT-ND","MM3Z12VC","","","1"
"D54","12V","Diode_SMD:D_SOD-323F","","","MM3Z12VCCT-ND","MM3Z12VC","","","1"
"D57","12V","Diode_SMD:D_SOD-323F","","","MM3Z12VCCT-ND","MM3Z12VC","","","1"
"D60","12V","Diode_SMD:D_SOD-323F","","","MM3Z12VCCT-ND","MM3Z12VC","","","1"
"D63","12V","Diode_SMD:D_SOD-323F","","","MM3Z12VCCT-ND","MM3Z12VC","","","1"
"D66","12V","Diode_SMD:D_SOD-323F","","","MM3Z12VCCT-ND","MM3Z12VC","","","1"
"D69","12V","Diode_SMD:D_SOD-323F","","","MM3Z12VCCT-ND","MM3Z12VC","","","1"
"D72","12V","Diode_SMD:D_SOD-323F","","","MM3Z12VCCT-ND","MM3Z12VC","","","1"
"D75","12V","Diode_SMD:D_SOD-323F","","","MM3Z12VCCT-ND","MM3Z12VC","","","1"
"D78","12V","Diode_SMD:D_SOD-323F","","","MM3Z12VCCT-ND","MM3Z12VC","","","1"
"D81","12V","Diode_SMD:D_SOD-323F","","","MM3Z12VCCT-ND","MM3Z12VC","","","1"
"J10","7807","Footprints:7807","","","36-7807-ND ","7807","","","1"
"J17","7807","Footprints:7807","","","36-7807-ND ","7807","","","1"
"J18","7807","Footprints:7807","","","36-7807-ND ","7807","","","1"
"J19","7807","Footprints:7807","","","36-7807-ND ","7807","","","1"
"L6","L_Coupled","Footprints:ACT45B","","","495-4597-1-ND","B82787C0513H002","","","1"
"D28","D_Schottky_Dual_CommonAnode_AKK","Footprints:D_SOT-23_ANK","","","1727-5397-1-ND","ESDCAN24-2BLY","","","1"
"D29","D_Schottky_Dual_CommonAnode_AKK","Footprints:D_SOT-23_ANK","","","1727-5397-1-ND","ESDCAN24-2BLY","","","1"
"D85","D_Schottky_Dual_CommonAnode_AKK","Footprints:D_SOT-23_ANK","","","1727-5397-1-ND","ESDCAN24-2BLY","","","1"
"D89","D_Schottky_Dual_CommonAnode_AKK","Footprints:D_SOT-23_ANK","","","1727-5397-1-ND","ESDCAN24-2BLY","","","1"
"H1","MountingHole_Pad","Footprints:MountingHole_3.2mm_M3_Pad_Via","","","","","","","1"
"H2","MountingHole_Pad","Footprints:MountingHole_3.2mm_M3_Pad_Via","","","","","","","1"
"H3","MountingHole_Pad","Footprints:MountingHole_3.2mm_M3_Pad_Via","","","","","","","1"
"H4","MountingHole_Pad","Footprints:MountingHole_3.2mm_M3_Pad_Via","","","","","","","1"
"H5","MountingHole_Pad","Footprints:MountingHole_3.2mm_M3_Pad_Via","","","","","","","1"
"NT1","Net-Tie_2","Footprints:Net_Tie-0.5mm","","","","","","","1"
"Q55","TPH3300CNH,L1Q","Footprints:POWER_SO8","","","TPH3300CNHL1QCT-ND","TPH3300CNH,L1Q","","","1"
"Q56","TPH3300CNH,L1Q","Footprints:POWER_SO8","","","TPH3300CNHL1QCT-ND","TPH3300CNH,L1Q","","","1"
"R21","15R0","Footprints:Resistor_SMD_0805_Wide","","","2019-WK73R2ATTD15R0FCT-ND","WK73R2ATTD15R0F","","","1"
"R25","15R0","Footprints:Resistor_SMD_0805_Wide","","","2019-WK73R2ATTD15R0FCT-ND","WK73R2ATTD15R0F","","","1"
"R29","15R0","Footprints:Resistor_SMD_0805_Wide","","","2019-WK73R2ATTD15R0FCT-ND","WK73R2ATTD15R0F","","","1"
"R33","15R0","Footprints:Resistor_SMD_0805_Wide","","","2019-WK73R2ATTD15R0FCT-ND","WK73R2ATTD15R0F","","","1"
"R37","15R0","Footprints:Resistor_SMD_0805_Wide","","","2019-WK73R2ATTD15R0FCT-ND","WK73R2ATTD15R0F","","","1"
"R41","15R0","Footprints:Resistor_SMD_0805_Wide","","","2019-WK73R2ATTD15R0FCT-ND","WK73R2ATTD15R0F","","","1"
"R45","15R0","Footprints:Resistor_SMD_0805_Wide","","","2019-WK73R2ATTD15R0FCT-ND","WK73R2ATTD15R0F","","","1"
"R49","15R0","Footprints:Resistor_SMD_0805_Wide","","","2019-WK73R2ATTD15R0FCT-ND","WK73R2ATTD15R0F","","","1"
"R53","15R0","Footprints:Resistor_SMD_0805_Wide","","","2019-WK73R2ATTD15R0FCT-ND","WK73R2ATTD15R0F","","","1"
"R57","15R0","Footprints:Resistor_SMD_0805_Wide","","","2019-WK73R2ATTD15R0FCT-ND","WK73R2ATTD15R0F","","","1"
"R61","15R0","Footprints:Resistor_SMD_0805_Wide","","","2019-WK73R2ATTD15R0FCT-ND","WK73R2ATTD15R0F","","","1"
"R65","15R0","Footprints:Resistor_SMD_0805_Wide","","","2019-WK73R2ATTD15R0FCT-ND","WK73R2ATTD15R0F","","","1"
"R81","15R0","Footprints:Resistor_SMD_0805_Wide","","","2019-WK73R2ATTD15R0FCT-ND","WK73R2ATTD15R0F","","","1"
"R85","15R0","Footprints:Resistor_SMD_0805_Wide","","","2019-WK73R2ATTD15R0FCT-ND","WK73R2ATTD15R0F","","","1"
"R89","15R0","Footprints:Resistor_SMD_0805_Wide","","","2019-WK73R2ATTD15R0FCT-ND","WK73R2ATTD15R0F","","","1"
"R93","15R0","Footprints:Resistor_SMD_0805_Wide","","","2019-WK73R2ATTD15R0FCT-ND","WK73R2ATTD15R0F","","","1"
"R97","15R0","Footprints:Resistor_SMD_0805_Wide","","","2019-WK73R2ATTD15R0FCT-ND","WK73R2ATTD15R0F","","","1"
"R101","15R0","Footprints:Resistor_SMD_0805_Wide","","","2019-WK73R2ATTD15R0FCT-ND","WK73R2ATTD15R0F","","","1"
"R105","15R0","Footprints:Resistor_SMD_0805_Wide","","","2019-WK73R2ATTD15R0FCT-ND","WK73R2ATTD15R0F","","","1"
"R109","15R0","Footprints:Resistor_SMD_0805_Wide","","","2019-WK73R2ATTD15R0FCT-ND","WK73R2ATTD15R0F","","","1"
"R113","15R0","Footprints:Resistor_SMD_0805_Wide","","","2019-WK73R2ATTD15R0FCT-ND","WK73R2ATTD15R0F","","","1"
"R117","15R0","Footprints:Resistor_SMD_0805_Wide","","","2019-WK73R2ATTD15R0FCT-ND","WK73R2ATTD15R0F","","","1"
"R121","15R0","Footprints:Resistor_SMD_0805_Wide","","","2019-WK73R2ATTD15R0FCT-ND","WK73R2ATTD15R0F","","","1"
"R125","15R0","Footprints:Resistor_SMD_0805_Wide","","","2019-WK73R2ATTD15R0FCT-ND","WK73R2ATTD15R0F","","","1"
"L1","L_Ferrite","Inductor_SMD:L_0603_1608Metric",""," ","732-1591-1-ND","742792609","","","1"
"L2","L_Ferrite","Inductor_SMD:L_0603_1608Metric","","","732-1591-1-ND","742792609","","","1"
"L4","L_Ferrite","Inductor_SMD:L_0603_1608Metric","","","732-1591-1-ND","742792609","","","1"
"L5","L_Ferrite","Inductor_SMD:L_0603_1608Metric","","","732-1591-1-ND","742792609","","","1"
"L8","L_Ferrite","Inductor_SMD:L_0603_1608Metric","","","732-1591-1-ND","742792609","","","1"
"L9","L_Ferrite","Inductor_SMD:L_0603_1608Metric","","","732-1591-1-ND","742792609","","","1"
"L10","L_Ferrite","Inductor_SMD:L_0603_1608Metric","","","732-1591-1-ND","742792609","","","1"
"L3","47u","Inductors:Inductor_Taiyo-Yuden_NR-60xx","","","587-2104-1-ND","NR6028T470M","","","1"
"U1","PIC33EP256MC506","Package_QFP:TQFP-64_10x10mm_P0.5mm","","","","","579-33EP64GP506IPT","","1"
"U4","LTC3638","Package_SO:Linear_MSOP-12-16-1EP_3x4mm_P0.5mm","","","","","","","1"
"U18","LTC7001","Package_SO:MSOP-10-1EP_3x3mm_P0.5mm_EP1.68x1.88mm_ThermalVias","","","","","","","1"
"U22","LTC7001","Package_SO:MSOP-10-1EP_3x3mm_P0.5mm_EP1.68x1.88mm_ThermalVias","","","","","","","1"
"U12","TLX9185A(GBTPL,F","Package_SO:SO-4_4.4x3.9mm_P2.54mm","","","264-TLX9185A(GBTPLFCT-ND","","","","1"
"U15","TLX9185A(GBTPL,F","Package_SO:SO-4_4.4x3.9mm_P2.54mm","","","264-TLX9185A(GBTPLFCT-ND","","","","1"
"U16","TLX9185A(GBTPL,F","Package_SO:SO-4_4.4x3.9mm_P2.54mm","","","264-TLX9185A(GBTPLFCT-ND","","","","1"
"U2","LM2931-5.0_SO8","Package_SO:SOIC-8_3.9x4.9mm_P1.27mm","","","296-11120-5-ND","","","","1"
"U8","MCP2562-E-SN","Package_SO:SOIC-8_3.9x4.9mm_P1.27mm","","","296-SN65HVDA1040BQDRQ1CT-ND","","","","1"
"U13","ADUM1281ARZ-RL7","Package_SO:SOIC-8_3.9x4.9mm_P1.27mm","","","ADUM1281ARZ-RL7CT-ND","","","","1"
"U14","ADUM1281ARZ-RL7","Package_SO:SOIC-8_3.9x4.9mm_P1.27mm","","","ADUM1281ARZ-RL7CT-ND","","","","1"
"U20","CT415-HSN820DR","Package_SO:SOIC-8_3.9x4.9mm_P1.27mm","","","","","462-CT415-HSN820DR","","1"
"U21","LMV393","Package_SO:SOIC-8_3.9x4.9mm_P1.27mm","","","LMV393MX/NOPBCT-ND","","","","1"
"U27","FAN3216TMX-F085","Package_SO:SOIC-8_3.9x4.9mm_P1.27mm","","","FAN3216TMX-F085CT-ND","","","","1"
"U7","FT231XS","Package_SO:SSOP-20_3.9x8.7mm_P0.635mm","","","","","","","1"
"U6","LTC6802-1","Package_SO:SSOP-44_5.3x12.8mm_P0.5mm","","","","","","","1"
"U11","LTC6802-1","Package_SO:SSOP-44_5.3x12.8mm_P0.5mm","","","","","","","1"
"U5","CD4051B","Package_SO:TSSOP-16_4.4x5mm_P0.65mm","","","296-49580-1-ND","CD4051BQPWRG4Q1","","","1"
"U17","CD4051B","Package_SO:TSSOP-16_4.4x5mm_P0.65mm","","","296-49580-1-ND","CD4051BQPWRG4Q1","","","1"
"U26","CD4051B","Package_SO:TSSOP-16_4.4x5mm_P0.65mm","","","296-49580-1-ND","CD4051BQPWRG4Q1","","","1"
"Q58","RQ3G100GNTB","Package_TO_SOT_SMD:LFPAK33","","","RQ3G100GNTBCT-ND","RQ3G100GNTB","","","1"
"Q59","RQ3G100GNTB","Package_TO_SOT_SMD:LFPAK33","","","RQ3G100GNTBCT-ND","RQ3G100GNTB","","","1"
"Q1","Q_NMOS_GSD","Package_TO_SOT_SMD:SOT-23","","","TN5335K1-GCT-ND","TN5335K1-G","","","1"
"Q2","Q_NMOS_GSD","Package_TO_SOT_SMD:SOT-23","","","TN5335K1-GCT-ND","TN5335K1-G","","","1"
"Q3","Q_PMOS_GSD","Package_TO_SOT_SMD:SOT-23","","","TP5335K1-GCT-ND","TP5335K1-G","","","1"
"Q4","Q_PMOS_GSD","Package_TO_SOT_SMD:SOT-23","","","1801-TSM2301ACXRFGCT-ND","SI2301S-2.3A","","","1"
"Q5","Q_PMOS_GSD","Package_TO_SOT_SMD:SOT-23","","","1801-TSM2301ACXRFGCT-ND","SI2301S-2.3A","","","1"
"Q6","Q_PMOS_GSD","Package_TO_SOT_SMD:SOT-23","","","1801-TSM2301ACXRFGCT-ND","SI2301S-2.3A","","","1"
"Q7","Q_PMOS_GSD","Package_TO_SOT_SMD:SOT-23","","","1801-TSM2301ACXRFGCT-ND","SI2301S-2.3A","","","1"
"Q8","Q_PMOS_GSD","Package_TO_SOT_SMD:SOT-23","","","1801-TSM2301ACXRFGCT-ND","SI2301S-2.3A","","","1"
"Q9","Q_PMOS_GSD","Package_TO_SOT_SMD:SOT-23","","","1801-TSM2301ACXRFGCT-ND","SI2301S-2.3A","","","1"
"Q10","Q_PMOS_GSD","Package_TO_SOT_SMD:SOT-23","","","1801-TSM2301ACXRFGCT-ND","SI2301S-2.3A","","","1"
"Q11","Q_PMOS_GSD","Package_TO_SOT_SMD:SOT-23","","","1801-TSM2301ACXRFGCT-ND","SI2301S-2.3A","","","1"
"Q12","Q_PMOS_GSD","Package_TO_SOT_SMD:SOT-23","","","1801-TSM2301ACXRFGCT-ND","SI2301S-2.3A","","","1"
"Q13","Q_PMOS_GSD","Package_TO_SOT_SMD:SOT-23","","","1801-TSM2301ACXRFGCT-ND","SI2301S-2.3A","","","1"
"Q14","Q_PMOS_GSD","Package_TO_SOT_SMD:SOT-23","","","1801-TSM2301ACXRFGCT-ND","SI2301S-2.3A","","","1"
"Q15","Q_PMOS_GSD","Package_TO_SOT_SMD:SOT-23","","","1801-TSM2301ACXRFGCT-ND","SI2301S-2.3A","","","1"
"Q16","Q_NMOS_GSD","Package_TO_SOT_SMD:SOT-23","","","TN5335K1-GCT-ND","TN5335K1-G","","","1"
"Q17","Q_NMOS_GSD","Package_TO_SOT_SMD:SOT-23","","","TN5335K1-GCT-ND","TN5335K1-G","","","1"
"Q18","Q_PMOS_GSD","Package_TO_SOT_SMD:SOT-23","","","TP5335K1-GCT-ND","TP5335K1-G","","","1"
"Q19","Q_PMOS_GSD","Package_TO_SOT_SMD:SOT-23","","","1801-TSM2301ACXRFGCT-ND","SI2301S-2.3A","","","1"
"Q20","Q_PMOS_GSD","Package_TO_SOT_SMD:SOT-23","","","1801-TSM2301ACXRFGCT-ND","SI2301S-2.3A","","","1"
"Q21","Q_PMOS_GSD","Package_TO_SOT_SMD:SOT-23","","","1801-TSM2301ACXRFGCT-ND","SI2301S-2.3A","","","1"
"Q22","Q_PMOS_GSD","Package_TO_SOT_SMD:SOT-23","","","1801-TSM2301ACXRFGCT-ND","SI2301S-2.3A","","","1"
"Q23","Q_PMOS_GSD","Package_TO_SOT_SMD:SOT-23","","","1801-TSM2301ACXRFGCT-ND","SI2301S-2.3A","","","1"
"Q24","Q_PMOS_GSD","Package_TO_SOT_SMD:SOT-23","","","1801-TSM2301ACXRFGCT-ND","SI2301S-2.3A","","","1"
"Q25","Q_PMOS_GSD","Package_TO_SOT_SMD:SOT-23","","","1801-TSM2301ACXRFGCT-ND","SI2301S-2.3A","","","1"
"Q26","Q_PMOS_GSD","Package_TO_SOT_SMD:SOT-23","","","1801-TSM2301ACXRFGCT-ND","SI2301S-2.3A","","","1"
"Q27","Q_PMOS_GSD","Package_TO_SOT_SMD:SOT-23","","","1801-TSM2301ACXRFGCT-ND","SI2301S-2.3A","","","1"
"Q28","Q_PMOS_GSD","Package_TO_SOT_SMD:SOT-23","","","1801-TSM2301ACXRFGCT-ND","SI2301S-2.3A","","","1"
"Q29","Q_PMOS_GSD","Package_TO_SOT_SMD:SOT-23","","","1801-TSM2301ACXRFGCT-ND","SI2301S-2.3A","","","1"
"Q30","Q_PMOS_GSD","Package_TO_SOT_SMD:SOT-23","","","1801-TSM2301ACXRFGCT-ND","SI2301S-2.3A","","","1"
"Q31","Q_PMOS_GSD","Package_TO_SOT_SMD:SOT-23","","","TP5335K1-GCT-ND","TP5335K1-G","","","1"
"Q34","Q_NMOS_GSD","Package_TO_SOT_SMD:SOT-23","","","TN5335K1-GCT-ND","TN5335K1-G","","","1"
"U3","TPS73633DBV","Package_TO_SOT_SMD:SOT-23-5","TLV733P-Q1","","296-TLV73330PQDBVRQ1CT-ND","","","","1"
"U10","OPA320-Q1","Package_TO_SOT_SMD:SOT-23-5","","","296-47595-1-ND","","","","1"
"U23","OPA320-Q1","Package_TO_SOT_SMD:SOT-23-5","","","296-47595-1-ND","","","","1"
"U9","TPS2551-Q1","Package_TO_SOT_SMD:SOT-23-6","AP22652W6-7","","31-AP22652AW6-7CT-ND","","","","1"
"U24","INA181","Package_TO_SOT_SMD:SOT-23-6","","","296-46635-1-ND","","","","1"
"U25","INA181","Package_TO_SOT_SMD:SOT-23-6","","","296-INA181A3QDBVRQ1CT-ND","","","","1"
"Q32","Q_DUAL_NMOS_PMOS","Package_TO_SOT_SMD:SOT-363_SC-70-6","","","US6M2CT-ND","US6M2TR","","","1"
"Q33","Q_DUAL_NMOS_PMOS","Package_TO_SOT_SMD:SOT-363_SC-70-6","","","US6M2CT-ND","US6M2TR","","","1"
"Q44","Q_DUAL_NMOS_PMOS","Package_TO_SOT_SMD:SOT-363_SC-70-6","","","US6M2CT-ND","US6M2TR","","","1"
"Q54","Q_DUAL_NMOS_PMOS","Package_TO_SOT_SMD:SOT-363_SC-70-6","","","US6M2CT-ND","US6M2TR","","","1"
"Q35","Q_PMOS_GDS","Package_TO_SOT_SMD:TO-263-2","","","FQB12P20TMCT-ND","FQB12P20TM","","","1"
"Q42","NTB5D0N15MC","Package_TO_SOT_SMD:TO-263-2","","","","NTB5D0N15MC","863-NTB5D0N15MC","","1"
"Q43","NTB5D0N15MC","Package_TO_SOT_SMD:TO-263-2","","","","NTB5D0N15MC","863-NTB5D0N15MC","","1"
"Q45","NTB5D0N15MC","Package_TO_SOT_SMD:TO-263-2","","","","NTB5D0N15MC","863-NTB5D0N15MC","","1"
"Q46","NTB5D0N15MC","Package_TO_SOT_SMD:TO-263-2","","","","NTB5D0N15MC","863-NTB5D0N15MC","","1"
"Q47","NTB5D0N15MC","Package_TO_SOT_SMD:TO-263-2","","","","NTB5D0N15MC","863-NTB5D0N15MC","","1"
"Q48","NTB5D0N15MC","Package_TO_SOT_SMD:TO-263-2","","","","NTB5D0N15MC","863-NTB5D0N15MC","","1"
"Q49","NTB5D0N15MC","Package_TO_SOT_SMD:TO-263-2","","","","NTB5D0N15MC","863-NTB5D0N15MC","","1"
"Q50","NTB5D0N15MC","Package_TO_SOT_SMD:TO-263-2","","","","NTB5D0N15MC","863-NTB5D0N15MC","","1"
"R1","10k0","Resistor_SMD:R_0603_1608Metric",""," ","311-10KLDCT-ND","AC0603FR-0710KL","","","1"
"R2","10k0","Resistor_SMD:R_0603_1608Metric",""," ","311-10KLDCT-ND","AC0603FR-0710KL","","","1"
"R3","1M","Resistor_SMD:R_0603_1608Metric",""," ","311-1MLDCT-ND","AC0603FR-071ML","","","1"
"R4","1M","Resistor_SMD:R_0603_1608Metric","","< ... >","311-1MLDCT-ND","AC0603FR-071ML","","","1"
"R5","32k0","Resistor_SMD:R_0603_1608Metric","","","2019-RN73R1JTTD3202B25CT-ND","RN73R1JTTD3202B25","","","1"
"R6","13k0","Resistor_SMD:R_0603_1608Metric","","","RMCF0603FT13K0CT-ND","RMCF0603FT13K0","","","1"
"R7","100R","Resistor_SMD:R_0603_1608Metric","","","YAG3561CT-ND","AC0603FR-07100RL","","","1"
"R8","3R3","Resistor_SMD:R_0603_1608Metric","","","RHM303DCT-ND","ESR03EZPJ3R3","","","1"
"R9","20R0","Resistor_SMD:R_0603_1608Metric","","","RMCF0603FT20R0CT-ND","RMCF0603FT20R0","","","1"
"R10","10k0","Resistor_SMD:R_0603_1608Metric","","< ... >","311-10KLDCT-ND","AC0603FR-0710KL","","","1"
"R11","19k6","Resistor_SMD:R_0603_1608Metric","","","RMCF0603FT19K6CT-ND","RMCF0603FT19K6","","","1"
"R12","10k0","Resistor_SMD:R_0603_1608Metric","","< ... >","311-10KLDCT-ND","AC0603FR-0710KL","","","1"
"R13","10k0","Resistor_SMD:R_0603_1608Metric","","< ... >","311-10KLDCT-ND","AC0603FR-0710KL","","","1"
"R14","1M","Resistor_SMD:R_0603_1608Metric","","< ... >","311-1MLDCT-ND","AC0603FR-071ML","","","1"
"R15","10k0","Resistor_SMD:R_0603_1608Metric","","< ... >","311-10KLDCT-ND","AC0603FR-0710KL","","","1"
"R16","32k0","Resistor_SMD:R_0603_1608Metric","","","2019-RN73R1JTTD3202B25CT-ND","RN73R1JTTD3202B25","","","1"
"R17","100k","Resistor_SMD:R_0603_1608Metric","","","RMCF0603FT100KCT-ND","RMCF0603FT100K","","","1"
"R18","499k","Resistor_SMD:R_0603_1608Metric","","","RMCF0603FT499KCT-ND","RMCF0603FT499K","","","1"
"R19","26k1 0.1%","Resistor_SMD:R_0603_1608Metric","","","A140602CT-ND","","","","1"
"R20","1M","Resistor_SMD:R_0603_1608Metric","","< ... >","311-1MLDCT-ND","AC0603FR-071ML","","","1"
"R22","1k8","Resistor_SMD:R_0603_1608Metric","","","RMCF0603JG1K80CT-ND","RMCF0603JG1K80","","","1"
"R23","100R","Resistor_SMD:R_0603_1608Metric","","","YAG3561CT-ND","AC0603FR-07100RL","","","1"
"R24","3k3","Resistor_SMD:R_0603_1608Metric","","","RMCF0603JT3K30CT-ND","RMCF0603JT3K30","","","1"
"R26","4k7","Resistor_SMD:R_0603_1608Metric","","","","~","","","1"
"R27","100R","Resistor_SMD:R_0603_1608Metric","","","YAG3561CT-ND","AC0603FR-07100RL","","","1"
"R28","3k3","Resistor_SMD:R_0603_1608Metric","","","RMCF0603JT3K30CT-ND","RMCF0603JT3K30","","","1"
"R30","100R","Resistor_SMD:R_0603_1608Metric","","","YAG3561CT-ND","AC0603FR-07100RL","","","1"
"R31","100R","Resistor_SMD:R_0603_1608Metric","","","YAG3561CT-ND","AC0603FR-07100RL","","","1"
"R32","3k3","Resistor_SMD:R_0603_1608Metric","","","RMCF0603JT3K30CT-ND","RMCF0603JT3K30","","","1"
"R34","10k0","Resistor_SMD:R_0603_1608Metric","","","311-10KLDCT-ND","AC0603FR-0710KL","","","1"
"R35","100R","Resistor_SMD:R_0603_1608Metric","","","YAG3561CT-ND","AC0603FR-07100RL","","","1"
"R36","3k3","Resistor_SMD:R_0603_1608Metric","","","RMCF0603JT3K30CT-ND","RMCF0603JT3K30","","","1"
"R38","100k","Resistor_SMD:R_0603_1608Metric","","","RMCF0603FT100KCT-ND","RMCF0603FT100K","","","1"
"R39","100R","Resistor_SMD:R_0603_1608Metric","","","YAG3561CT-ND","AC0603FR-07100RL","","","1"
"R40","3k3","Resistor_SMD:R_0603_1608Metric","","","RMCF0603JT3K30CT-ND","RMCF0603JT3K30","","","1"
"R42","100k","Resistor_SMD:R_0603_1608Metric","","","RMCF0603FT100KCT-ND","RMCF0603FT100K","","","1"
"R43","100R","Resistor_SMD:R_0603_1608Metric","","","YAG3561CT-ND","AC0603FR-07100RL","","","1"
"R44","3k3","Resistor_SMD:R_0603_1608Metric","","","RMCF0603JT3K30CT-ND","RMCF0603JT3K30","","","1"
"R46","100k","Resistor_SMD:R_0603_1608Metric","","","RMCF0603FT100KCT-ND","RMCF0603FT100K","","","1"
"R47","100R","Resistor_SMD:R_0603_1608Metric","","","YAG3561CT-ND","AC0603FR-07100RL","","","1"
"R48","3k3","Resistor_SMD:R_0603_1608Metric","","","RMCF0603JT3K30CT-ND","RMCF0603JT3K30","","","1"
"R51","100R","Resistor_SMD:R_0603_1608Metric","","","YAG3561CT-ND","AC0603FR-07100RL","","","1"
"R52","3k3","Resistor_SMD:R_0603_1608Metric","","","RMCF0603JT3K30CT-ND","RMCF0603JT3K30","","","1"
"R54","1M","Resistor_SMD:R_0603_1608Metric","","< ... >","311-1MLDCT-ND","AC0603FR-071ML","","","1"
"R55","100R","Resistor_SMD:R_0603_1608Metric","","","YAG3561CT-ND","AC0603FR-07100RL","","","1"
"R56","3k3","Resistor_SMD:R_0603_1608Metric","","","RMCF0603JT3K30CT-ND","RMCF0603JT3K30","","","1"
"R58","1M","Resistor_SMD:R_0603_1608Metric","","< ... >","311-1MLDCT-ND","AC0603FR-071ML","","","1"
"R59","100R","Resistor_SMD:R_0603_1608Metric","","","YAG3561CT-ND","AC0603FR-07100RL","","","1"
"R60","3k3","Resistor_SMD:R_0603_1608Metric","","","RMCF0603JT3K30CT-ND","RMCF0603JT3K30","","","1"
"R62","100k","Resistor_SMD:R_0603_1608Metric","","","RMCF0603FT100KCT-ND","RMCF0603FT100K","","","1"
"R63","100R","Resistor_SMD:R_0603_1608Metric","","","YAG3561CT-ND","AC0603FR-07100RL","","","1"
"R64","3k3","Resistor_SMD:R_0603_1608Metric","","","RMCF0603JT3K30CT-ND","RMCF0603JT3K30","","","1"
"R66","10k0","Resistor_SMD:R_0603_1608Metric","","","311-10KLDCT-ND","AC0603FR-0710KL","","","1"
"R67","100R","Resistor_SMD:R_0603_1608Metric","","","YAG3561CT-ND","AC0603FR-07100RL","","","1"
"R68","3k3","Resistor_SMD:R_0603_1608Metric","","","RMCF0603JT3K30CT-ND","RMCF0603JT3K30","","","1"
"R69","20R0","Resistor_SMD:R_0603_1608Metric","","","RMCF0603FT20R0CT-ND","RMCF0603FT20R0","","","1"
"R70","10k0","Resistor_SMD:R_0603_1608Metric","","< ... >","311-10KLDCT-ND","AC0603FR-0710KL","","","1"
"R71","10k0","Resistor_SMD:R_0603_1608Metric","","< ... >","311-10KLDCT-ND","AC0603FR-0710KL","","","1"
"R72","1k3","Resistor_SMD:R_0603_1608Metric","","","","RMCF0603FT1K30","","","1"
"R73","4k7","Resistor_SMD:R_0603_1608Metric","","","","~","","","1"
"R74","1M","Resistor_SMD:R_0603_1608Metric","","","311-1MLDCT-ND","AC0603FR-071ML","","","1"
"R75","10k0","Resistor_SMD:R_0603_1608Metric","","< ... >","311-10KLDCT-ND","AC0603FR-0710KL","","","1"
"R76","32k0","Resistor_SMD:R_0603_1608Metric","","","2019-RN73R1JTTD3202B25CT-ND","RN73R1JTTD3202B25","","","1"
"R77","100k","Resistor_SMD:R_0603_1608Metric","","","RMCF0603FT100KCT-ND","RMCF0603FT100K","","","1"
"R78","499k","Resistor_SMD:R_0603_1608Metric","","","RMCF0603FT499KCT-ND","RMCF0603FT499K","","","1"
"R79","26k1 0.1%","Resistor_SMD:R_0603_1608Metric","","","A140602CT-ND","","","","1"
"R80","10k0","Resistor_SMD:R_0603_1608Metric","","","311-10KLDCT-ND","AC0603FR-0710KL","","","1"
"R82","100R","Resistor_SMD:R_0603_1608Metric","","","YAG3561CT-ND","AC0603FR-07100RL","","","1"
"R83","100R","Resistor_SMD:R_0603_1608Metric","","","YAG3561CT-ND","AC0603FR-07100RL","","","1"
"R84","3k3","Resistor_SMD:R_0603_1608Metric","","","RMCF0603JT3K30CT-ND","RMCF0603JT3K30","","","1"
"R86","10k0","Resistor_SMD:R_0603_1608Metric","","< ... >","311-10KLDCT-ND","AC0603FR-0710KL","","","1"
"R87","100R","Resistor_SMD:R_0603_1608Metric","","","YAG3561CT-ND","AC0603FR-07100RL","","","1"
"R88","3k3","Resistor_SMD:R_0603_1608Metric","","","RMCF0603JT3K30CT-ND","RMCF0603JT3K30","","","1"
"R90","100k","Resistor_SMD:R_0603_1608Metric","","","RMCF0603FT100KCT-ND","RMCF0603FT100K","","","1"
"R91","100R","Resistor_SMD:R_0603_1608Metric","","","YAG3561CT-ND","AC0603FR-07100RL","","","1"
"R92","3k3","Resistor_SMD:R_0603_1608Metric","","","RMCF0603JT3K30CT-ND","RMCF0603JT3K30","","","1"
"R94","499k","Resistor_SMD:R_0603_1608Metric","","","RMCF0603FT499KCT-ND","RMCF0603FT499K","","","1"
"R95","100R","Resistor_SMD:R_0603_1608Metric","","","YAG3561CT-ND","AC0603FR-07100RL","","","1"
"R96","3k3","Resistor_SMD:R_0603_1608Metric","","","RMCF0603JT3K30CT-ND","RMCF0603JT3K30","","","1"
"R98","100R","Resistor_SMD:R_0603_1608Metric","","","YAG3561CT-ND","AC0603FR-07100RL","","","1"
"R99","100R","Resistor_SMD:R_0603_1608Metric","","","YAG3561CT-ND","AC0603FR-07100RL","","","1"
"R100","3k3","Resistor_SMD:R_0603_1608Metric","","","RMCF0603JT3K30CT-ND","RMCF0603JT3K30","","","1"
"R102","10k0","Resistor_SMD:R_0603_1608Metric","","< ... >","311-10KLDCT-ND","AC0603FR-0710KL","","","1"
"R103","100R","Resistor_SMD:R_0603_1608Metric","","","YAG3561CT-ND","AC0603FR-07100RL","","","1"
"R104","3k3","Resistor_SMD:R_0603_1608Metric","","","RMCF0603JT3K30CT-ND","RMCF0603JT3K30","","","1"
"R106","100R","Resistor_SMD:R_0603_1608Metric","","","YAG3561CT-ND","AC0603FR-07100RL","","","1"
"R107","100R","Resistor_SMD:R_0603_1608Metric","","","YAG3561CT-ND","AC0603FR-07100RL","","","1"
"R108","3k3","Resistor_SMD:R_0603_1608Metric","","","RMCF0603JT3K30CT-ND","RMCF0603JT3K30","","","1"
"R110","100R","Resistor_SMD:R_0603_1608Metric","","","YAG3561CT-ND","AC0603FR-07100RL","","","1"
"R111","100R","Resistor_SMD:R_0603_1608Metric","","","YAG3561CT-ND","AC0603FR-07100RL","","","1"
"R112","3k3","Resistor_SMD:R_0603_1608Metric","","","RMCF0603JT3K30CT-ND","RMCF0603JT3K30","","","1"
"R114","100R","Resistor_SMD:R_0603_1608Metric","","","YAG3561CT-ND","AC0603FR-07100RL","","","1"
"R115","100R","Resistor_SMD:R_0603_1608Metric","","","YAG3561CT-ND","AC0603FR-07100RL","","","1"
"R116","3k3","Resistor_SMD:R_0603_1608Metric","","","RMCF0603JT3K30CT-ND","RMCF0603JT3K30","","","1"
"R118","100R","Resistor_SMD:R_0603_1608Metric","","","YAG3561CT-ND","AC0603FR-07100RL","","","1"
"R119","100R","Resistor_SMD:R_0603_1608Metric","","","YAG3561CT-ND","AC0603FR-07100RL","","","1"
"R120","3k3","Resistor_SMD:R_0603_1608Metric","","","RMCF0603JT3K30CT-ND","RMCF0603JT3K30","","","1"
"R122","10k0","Resistor_SMD:R_0603_1608Metric","","","311-10KLDCT-ND","AC0603FR-0710KL","","","1"
"R123","100R","Resistor_SMD:R_0603_1608Metric","","","YAG3561CT-ND","AC0603FR-07100RL","","","1"
"R124","3k3","Resistor_SMD:R_0603_1608Metric","","","RMCF0603JT3K30CT-ND","RMCF0603JT3K30","","","1"
"R126","10k0","Resistor_SMD:R_0603_1608Metric","","","311-10KLDCT-ND","AC0603FR-0710KL","","","1"
"R127","100R","Resistor_SMD:R_0603_1608Metric","","","YAG3561CT-ND","AC0603FR-07100RL","","","1"
"R128","3k3","Resistor_SMD:R_0603_1608Metric","","","RMCF0603JT3K30CT-ND","RMCF0603JT3K30","","","1"
"R129","20R0","Resistor_SMD:R_0603_1608Metric","","","RMCF0603FT20R0CT-ND","RMCF0603FT20R0","","","1"
"R130","20R0","Resistor_SMD:R_0603_1608Metric","","","RMCF0603FT20R0CT-ND","RMCF0603FT20R0","","","1"
"R131","100R","Resistor_SMD:R_0603_1608Metric","","","YAG3561CT-ND","AC0603FR-07100RL","","","1"
"R132","100R","Resistor_SMD:R_0603_1608Metric","","","YAG3561CT-ND","AC0603FR-07100RL","","","1"
"R133","100R","Resistor_SMD:R_0603_1608Metric","","","YAG3561CT-ND","AC0603FR-07100RL","","","1"
"R134","10k0","Resistor_SMD:R_0603_1608Metric","","","311-10KLDCT-ND","AC0603FR-0710KL","","","1"
"R135","100R","Resistor_SMD:R_0603_1608Metric","","","YAG3561CT-ND","AC0603FR-07100RL","","","1"
"R138","100R","Resistor_SMD:R_0603_1608Metric","","","YAG3561CT-ND","AC0603FR-07100RL","","","1"
"R139","10k0","Resistor_SMD:R_0603_1608Metric","","","311-10KLDCT-ND","AC0603FR-0710KL","","","1"
"R140","10k0","Resistor_SMD:R_0603_1608Metric","","","311-10KLDCT-ND","AC0603FR-0710KL","","","1"
"R141","10k0","Resistor_SMD:R_0603_1608Metric","","","311-10KLDCT-ND","AC0603FR-0710KL","","","1"
"R142","10k0","Resistor_SMD:R_0603_1608Metric","","","311-10KLDCT-ND","AC0603FR-0710KL","","","1"
"R143","10k0","Resistor_SMD:R_0603_1608Metric","","","311-10KLDCT-ND","AC0603FR-0710KL","","","1"
"R144","10k0","Resistor_SMD:R_0603_1608Metric","","","311-10KLDCT-ND","AC0603FR-0710KL","","","1"
"R145","10k0","Resistor_SMD:R_0603_1608Metric","","","311-10KLDCT-ND","AC0603FR-0710KL","","","1"
"R146","10k0","Resistor_SMD:R_0603_1608Metric","","","311-10KLDCT-ND","AC0603FR-0710KL","","","1"
"R147","10k0","Resistor_SMD:R_0603_1608Metric","","","311-10KLDCT-ND","AC0603FR-0710KL","","","1"
"R148","10k0","Resistor_SMD:R_0603_1608Metric","","","311-10KLDCT-ND","AC0603FR-0710KL","","","1"
"R149","10k0","Resistor_SMD:R_0603_1608Metric","","","311-10KLDCT-ND","AC0603FR-0710KL","","","1"
"R150","10k0","Resistor_SMD:R_0603_1608Metric","","","311-10KLDCT-ND","AC0603FR-0710KL","","","1"
"R151","10k0","Resistor_SMD:R_0603_1608Metric","","","311-10KLDCT-ND","AC0603FR-0710KL","","","1"
"R152","10k0","Resistor_SMD:R_0603_1608Metric","","","311-10KLDCT-ND","AC0603FR-0710KL","","","1"
"R153","10k0","Resistor_SMD:R_0603_1608Metric","","","311-10KLDCT-ND","AC0603FR-0710KL","","","1"
"R154","10k0","Resistor_SMD:R_0603_1608Metric","","","311-10KLDCT-ND","AC0603FR-0710KL","","","1"
"R155","10k0","Resistor_SMD:R_0603_1608Metric","","","311-10KLDCT-ND","AC0603FR-0710KL","","","1"
"R156","10k0","Resistor_SMD:R_0603_1608Metric","","","311-10KLDCT-ND","AC0603FR-0710KL","","","1"
"R157","10k0","Resistor_SMD:R_0603_1608Metric","","","311-10KLDCT-ND","AC0603FR-0710KL","","","1"
"R158","10k0","Resistor_SMD:R_0603_1608Metric","","","311-10KLDCT-ND","AC0603FR-0710KL","","","1"
"R159","10k0","Resistor_SMD:R_0603_1608Metric","","","311-10KLDCT-ND","AC0603FR-0710KL","","","1"
"R160","10k0","Resistor_SMD:R_0603_1608Metric","","","311-10KLDCT-ND","AC0603FR-0710KL","","","1"
"R161","10k0","Resistor_SMD:R_0603_1608Metric","","","311-10KLDCT-ND","AC0603FR-0710KL","","","1"
"R162","10k0","Resistor_SMD:R_0603_1608Metric","","","311-10KLDCT-ND","AC0603FR-0710KL","","","1"
"R163","10k0","Resistor_SMD:R_0603_1608Metric","","","311-10KLDCT-ND","AC0603FR-0710KL","","","1"
"R164","10k0","Resistor_SMD:R_0603_1608Metric","","","311-10KLDCT-ND","AC0603FR-0710KL","","","1"
"R165","10k0","Resistor_SMD:R_0603_1608Metric","","","311-10KLDCT-ND","AC0603FR-0710KL","","","1"
"R166","10k0","Resistor_SMD:R_0603_1608Metric","","","311-10KLDCT-ND","AC0603FR-0710KL","","","1"
"R167","10k0","Resistor_SMD:R_0603_1608Metric","","","311-10KLDCT-ND","AC0603FR-0710KL","","","1"
"R168","10k0","Resistor_SMD:R_0603_1608Metric","","","311-10KLDCT-ND","AC0603FR-0710KL","","","1"
"R169","10k0","Resistor_SMD:R_0603_1608Metric","","","311-10KLDCT-ND","AC0603FR-0710KL","","","1"
"R170","10k0","Resistor_SMD:R_0603_1608Metric","","","311-10KLDCT-ND","AC0603FR-0710KL","","","1"
"R171","10k0","Resistor_SMD:R_0603_1608Metric","","","311-10KLDCT-ND","AC0603FR-0710KL","","","1"
"R172","10k0","Resistor_SMD:R_0603_1608Metric","","","311-10KLDCT-ND","AC0603FR-0710KL","","","1"
"R173","10k0","Resistor_SMD:R_0603_1608Metric","","","311-10KLDCT-ND","AC0603FR-0710KL","","","1"
"R174","10k0","Resistor_SMD:R_0603_1608Metric","","","311-10KLDCT-ND","AC0603FR-0710KL","","","1"
"R175","10k0","Resistor_SMD:R_0603_1608Metric","","","311-10KLDCT-ND","AC0603FR-0710KL","","","1"
"R176","10k0","Resistor_SMD:R_0603_1608Metric","","","311-10KLDCT-ND","AC0603FR-0710KL","","","1"
"R177","10k0","Resistor_SMD:R_0603_1608Metric","","","311-10KLDCT-ND","AC0603FR-0710KL","","","1"
"R178","10k0","Resistor_SMD:R_0603_1608Metric","","","311-10KLDCT-ND","AC0603FR-0710KL","","","1"
"R179","10k0","Resistor_SMD:R_0603_1608Metric","","","311-10KLDCT-ND","AC0603FR-0710KL","","","1"
"R180","10k0","Resistor_SMD:R_0603_1608Metric","","","311-10KLDCT-ND","AC0603FR-0710KL","","","1"
"R181","10k0","Resistor_SMD:R_0603_1608Metric","","","311-10KLDCT-ND","AC0603FR-0710KL","","","1"
"R182","10k0","Resistor_SMD:R_0603_1608Metric","","","311-10KLDCT-ND","AC0603FR-0710KL","","","1"
"R183","10k0","Resistor_SMD:R_0603_1608Metric","","","311-10KLDCT-ND","AC0603FR-0710KL","","","1"
"R184","10k0","Resistor_SMD:R_0603_1608Metric","","","311-10KLDCT-ND","AC0603FR-0710KL","","","1"
"R185","10k0","Resistor_SMD:R_0603_1608Metric","","","311-10KLDCT-ND","AC0603FR-0710KL","","","1"
"R186","10k0","Resistor_SMD:R_0603_1608Metric","","","311-10KLDCT-ND","AC0603FR-0710KL","","","1"
"R187","100R","Resistor_SMD:R_0603_1608Metric",""," ","YAG3561CT-ND","AC0603FR-07100RL","","","1"
"R188","100R","Resistor_SMD:R_0603_1608Metric",""," ","YAG3561CT-ND","AC0603FR-07100RL","","","1"
"R189","10k0","Resistor_SMD:R_0603_1608Metric","","","311-10KLDCT-ND","AC0603FR-0710KL","","","1"
"R190","100k","Resistor_SMD:R_0603_1608Metric","","","RMCF0603FT100KCT-ND","RMCF0603FT100K","","","1"
"R191","10k0","Resistor_SMD:R_0603_1608Metric","","","311-10KLDCT-ND","AC0603FR-0710KL","","","1"
"R192","10k0","Resistor_SMD:R_0603_1608Metric","","","311-10KLDCT-ND","AC0603FR-0710KL","","","1"
"R193","100k","Resistor_SMD:R_0603_1608Metric","","","RMCF0603FT100KCT-ND","RMCF0603FT100K","","","1"
"R194","10k0","Resistor_SMD:R_0603_1608Metric","","< ... >","311-10KLDCT-ND","AC0603FR-0710KL","","","1"
"R195","10k0","Resistor_SMD:R_0603_1608Metric","","< ... >","311-10KLDCT-ND","AC0603FR-0710KL","","","1"
"R196","10k0","Resistor_SMD:R_0603_1608Metric","","< ... >","311-10KLDCT-ND","AC0603FR-0710KL","","","1"
"R197","10k0","Resistor_SMD:R_0603_1608Metric","","< ... >","311-10KLDCT-ND","AC0603FR-0710KL","","","1"
"R198","19k6","Resistor_SMD:R_0603_1608Metric","","","RMCF0603FT19K6CT-ND","RMCF0603FT19K6","","","1"
"R199","100R","Resistor_SMD:R_0603_1608Metric","","","YAG3561CT-ND","AC0603FR-07100RL","","","1"
"R200","10k0","Resistor_SMD:R_0603_1608Metric","","< ... >","311-10KLDCT-ND","AC0603FR-0710KL","","","1"
"R201","10k0","Resistor_SMD:R_0603_1608Metric","","< ... >","311-10KLDCT-ND","AC0603FR-0710KL","","","1"
"R202","3R3","Resistor_SMD:R_0603_1608Metric","","","RHM303DCT-ND","ESR03EZPJ3R3","","","1"
"R203","10k0","Resistor_SMD:R_0603_1608Metric","","","311-10KLDCT-ND","AC0603FR-0710KL","","","1"
"R204","100R","Resistor_SMD:R_0603_1608Metric","","","YAG3561CT-ND","AC0603FR-07100RL","","","1"
"R205","100R","Resistor_SMD:R_0603_1608Metric","","","YAG3561CT-ND","AC0603FR-07100RL","","","1"
"R206","1M","Resistor_SMD:R_0603_1608Metric","","< ... >","311-1MLDCT-ND","AC0603FR-071ML","","","1"
"R207","10k0","Resistor_SMD:R_0603_1608Metric","","","311-10KLDCT-ND","AC0603FR-0710KL","","","1"
"R208","1M","Resistor_SMD:R_0603_1608Metric","","< ... >","311-1MLDCT-ND","AC0603FR-071ML","","","1"
"R209","100R","Resistor_SMD:R_0603_1608Metric","","","YAG3561CT-ND","AC0603FR-07100RL","","","1"
"R210","100k","Resistor_SMD:R_0603_1608Metric","","","RMCF0603FT100KCT-ND","RMCF0603FT100K","","","1"
"R211","499k","Resistor_SMD:R_0603_1608Metric","","","RMCF0603FT499KCT-ND","RMCF0603FT499K","","","1"
"R212","1k3","Resistor_SMD:R_0603_1608Metric","","","","~","","","1"
"R213","330R","Resistor_SMD:R_0603_1608Metric","","","","AC0603FR-07330RL","","","1"
"R214","330R","Resistor_SMD:R_0603_1608Metric","","","","AC0603FR-07330RL","","","1"
"R215","10k0","Resistor_SMD:R_0603_1608Metric",""," ","311-10KLDCT-ND","AC0603FR-0710KL","","","1"
"R216","100k","Resistor_SMD:R_0603_1608Metric","","","RMCF0603FT100KCT-ND","RMCF0603FT100K","","","1"
"R217","10k0","Resistor_SMD:R_0603_1608Metric","","< ... >","311-10KLDCT-ND","AC0603FR-0710KL","","","1"
"R218","499k","Resistor_SMD:R_0603_1608Metric","","","RMCF0603FT499KCT-ND","RMCF0603FT499K","","","1"
"R219","10k0","Resistor_SMD:R_0603_1608Metric","","","311-10KLDCT-ND","AC0603FR-0710KL","","","1"
"R220","3R3","Resistor_SMD:R_0603_1608Metric","","","RHM303DCT-ND","ESR03EZPJ3R3","","","1"
"R221","3R3","Resistor_SMD:R_0603_1608Metric","","","RHM303DCT-ND","ESR03EZPJ3R3","","","1"
"R222","3R3","Resistor_SMD:R_0603_1608Metric","","","RHM303DCT-ND","ESR03EZPJ3R3","","","1"
"R223","1M","Resistor_SMD:R_0603_1608Metric","","< ... >","311-1MLDCT-ND","AC0603FR-071ML","","","1"
"R224","100k","Resistor_SMD:R_0603_1608Metric","","","RMCF0603FT100KCT-ND","RMCF0603FT100K","","","1"
"R225","1M","Resistor_SMD:R_0603_1608Metric","","< ... >","311-1MLDCT-ND","AC0603FR-071ML","","","1"
"R226","10k0","Resistor_SMD:R_0603_1608Metric","","","311-10KLDCT-ND","AC0603FR-0710KL","","","1"
"R227","3R3","Resistor_SMD:R_0603_1608Metric","","","RHM303DCT-ND","ESR03EZPJ3R3","","","1"
"R228","3R3","Resistor_SMD:R_0603_1608Metric","","","RHM303DCT-ND","ESR03EZPJ3R3","","","1"
"R229","100k","Resistor_SMD:R_0603_1608Metric","","","RMCF0603FT100KCT-ND","RMCF0603FT100K","","","1"
"R230","499k","Resistor_SMD:R_0603_1608Metric","","","RMCF0603FT499KCT-ND","RMCF0603FT499K","","","1"
"R231","3R3","Resistor_SMD:R_0603_1608Metric","","","RHM303DCT-ND","ESR03EZPJ3R3","","","1"
"R232","3R3","Resistor_SMD:R_0603_1608Metric","","","RHM303DCT-ND","ESR03EZPJ3R3","","","1"
"R233","10k0","Resistor_SMD:R_0603_1608Metric","","","311-10KLDCT-ND","AC0603FR-0710KL","","","1"
"R234","3R3","Resistor_SMD:R_0603_1608Metric","","","RHM303DCT-ND","ESR03EZPJ3R3","","","1"
"R235","3R3","Resistor_SMD:R_0603_1608Metric","","","RHM303DCT-ND","ESR03EZPJ3R3","","","1"
"R236","19k6","Resistor_SMD:R_0603_1608Metric","","","RMCF0603FT19K6CT-ND","RMCF0603FT19K6","","","1"
"R237","10k0","Resistor_SMD:R_0603_1608Metric","","< ... >","311-10KLDCT-ND","AC0603FR-0710KL","","","1"
"R238","10k0","Resistor_SMD:R_0603_1608Metric","","","311-10KLDCT-ND","AC0603FR-0710KL","","","1"
"R246","10k0","Resistor_SMD:R_0603_1608Metric","","","311-10KLDCT-ND","AC0603FR-0710KL","","","1"
"R247","499k","Resistor_SMD:R_0603_1608Metric","","","RMCF0603FT499KCT-ND","RMCF0603FT499K","","","1"
"R248","3R3","Resistor_SMD:R_0603_1608Metric","","","RHM303DCT-ND","ESR03EZPJ3R3","","","1"
"R249","10k0","Resistor_SMD:R_0603_1608Metric","","","311-10KLDCT-ND","AC0603FR-0710KL","","","1"
"R250","3R3","Resistor_SMD:R_0603_1608Metric","","","RHM303DCT-ND","ESR03EZPJ3R3","","","1"
"R251","3R3","Resistor_SMD:R_0603_1608Metric","","","RHM303DCT-ND","ESR03EZPJ3R3","","","1"
"R252","19k6","Resistor_SMD:R_0603_1608Metric","","","RMCF0603FT19K6CT-ND","RMCF0603FT19K6","","","1"
"R253","10k0","Resistor_SMD:R_0603_1608Metric","","","311-10KLDCT-ND","AC0603FR-0710KL","","","1"
"R254","10k0","Resistor_SMD:R_0603_1608Metric","","","311-10KLDCT-ND","AC0603FR-0710KL","","","1"
"R255","10k0","Resistor_SMD:R_0603_1608Metric","","< ... >","311-10KLDCT-ND","AC0603FR-0710KL","","","1"
"R256","19k6","Resistor_SMD:R_0603_1608Metric","","","RMCF0603FT19K6CT-ND","RMCF0603FT19K6","","","1"
"R257","100k","Resistor_SMD:R_0603_1608Metric","","","RMCF0603FT100KCT-ND","RMCF0603FT100K","","","1"
"R258","10M","Resistor_SMD:R_0603_1608Metric","","","RMCF0603FT10M0CT-ND","RMCF0603FT10M0","","","1"
"R259","10M","Resistor_SMD:R_0603_1608Metric","","","RMCF0603FT10M0CT-ND","RMCF0603FT10M0","","","1"
"R260","10M","Resistor_SMD:R_0603_1608Metric","","","RMCF0603FT10M0CT-ND","RMCF0603FT10M0","","","1"
"R261","10M","Resistor_SMD:R_0603_1608Metric","","","RMCF0603FT10M0CT-ND","RMCF0603FT10M0","","","1"
"R262","10M","Resistor_SMD:R_0603_1608Metric","","","RMCF0603FT10M0CT-ND","RMCF0603FT10M0","","","1"
"R263","10M","Resistor_SMD:R_0603_1608Metric","","","RMCF0603FT10M0CT-ND","RMCF0603FT10M0","","","1"
"R264","1M","Resistor_SMD:R_0603_1608Metric","","","311-1MLDCT-ND","AC0603FR-071ML","","","1"
"R267","10k0","Resistor_SMD:R_0603_1608Metric","","< ... >","311-10KLDCT-ND","AC0603FR-0710KL","","","1"
"R270","1M","Resistor_SMD:R_0603_1608Metric","","< ... >","311-1MLDCT-ND","AC0603FR-071ML","","","1"
"R271","1M","Resistor_SMD:R_0603_1608Metric","","< ... >","311-1MLDCT-ND","AC0603FR-071ML","","","1"
"R272","1M","Resistor_SMD:R_0603_1608Metric","","< ... >","311-1MLDCT-ND","AC0603FR-071ML","","","1"
"R273","100k","Resistor_SMD:R_0603_1608Metric","","","RMCF0603FT100KCT-ND","RMCF0603FT100K","","","1"
"R274","10k0","Resistor_SMD:R_0603_1608Metric","","","311-10KLDCT-ND","AC0603FR-0710KL","","","1"
"R275","1M","Resistor_SMD:R_0603_1608Metric","","< ... >","311-1MLDCT-ND","AC0603FR-071ML","","","1"
"R276","1M","Resistor_SMD:R_0603_1608Metric","","< ... >","311-1MLDCT-ND","AC0603FR-071ML","","","1"
"R277","1M","Resistor_SMD:R_0603_1608Metric","","< ... >","311-1MLDCT-ND","AC0603FR-071ML","","","1"
"R278","100k","Resistor_SMD:R_0603_1608Metric","","","RMCF0603FT100KCT-ND","RMCF0603FT100K","","","1"
"R279","10k0","Resistor_SMD:R_0603_1608Metric","","< ... >","311-10KLDCT-ND","AC0603FR-0710KL","","","1"
"R280","10k0","Resistor_SMD:R_0603_1608Metric","","< ... >","311-10KLDCT-ND","AC0603FR-0710KL","","","1"
"R282","10k0","Resistor_SMD:R_0603_1608Metric","","< ... >","311-10KLDCT-ND","AC0603FR-0710KL","","","1"
"TH1","Thermistor_NTC","Resistor_SMD:R_0603_1608Metric","","","495-76084-1-ND","B57355V5104F360","","","1"
"TH2","Thermistor_NTC","Resistor_SMD:R_0603_1608Metric","","","495-76084-1-ND","B57355V5104F360","","","1"
"R136","60R","Resistor_SMD:R_2512_6332Metric","","","RMCF2512JT62R0CT-ND","RMCF2512JT62R0","","","1"
"R137","60R","Resistor_SMD:R_2512_6332Metric","","","RMCF2512JT62R0CT-ND","RMCF2512JT62R0","","","1"
"R50","100R","Resistor_THT:R_Axial_Power_L50.0mm_W9.0mm_P55.88mm","","","100W-10-ND","SQP10AJB-100R","","","1"
"U19","ACS72981LLRATR-100B5","Sensor_Current:Allegro_PSOF-7_4.8x6.4mm_P1.60mm","","","","","250-72981LLRATR100B5","","1"
"TP1","TestPoint","TestPoint:TestPoint_Pad_1.0x1.0mm","","","","","","","1"
